Order ID,Status,Message

O5EPSJO,Paid,Receipt generated
ODSRHAE,Paid,Receipt generated
OWTKIID,Paid,Receipt generated
OSIRPQU,Paid,Receipt generated
O90VJVU,Paid,Receipt generated
O36E536,Paid,Receipt generated
OT7Z3RF,Paid,Receipt generated
ON6YCKA,Paid,Receipt generated
OE4OW4P,Paid,Receipt generated
OQCXRX4,Paid,Receipt generated
O61P82F,Paid,Receipt generated
OU4QTO2,Paid,Receipt generated
O3L69V4,Paid,Receipt generated
OZ97W4P,Paid,Receipt generated
O2F367Z,Paid,Receipt generated
OADKTBE,Paid,Receipt generated
OG304ED,Paid,Receipt generated
O94PQSY,Paid,Receipt generated
OY99YEY,Paid,Receipt generated
O91X50F,Paid,Receipt generated
OIS3942,Paid,Receipt generated
O7LLIAB,Paid,Receipt generated
OB72MZ9,Paid,Receipt generated
O4ZGXXH,Paid,Receipt generated
OGF0C3L,Paid,Receipt generated
OP749SB,Paid,Receipt generated
1749056012235-C002,Paid,Receipt generated
1749056805401-C001,Paid,Receipt generated
1749101192070-C001,Paid,Receipt generated
1749101202616-C001,Paid,Receipt generated
1749101213064-C002,Paid,Receipt generated
1749101219128-C001,Paid,Receipt generated
1749101237636-C002,Paid,Receipt generated
1749101480603-C001,Paid,Receipt generated
1749101573155-C001,Paid,Receipt generated
1749101693596-C001,Paid,Receipt generated
1749101809064-C001,Paid,Receipt generated
1749102078882-C001,Paid,Receipt generated
1749102096214-C001,Paid,Receipt generated
1749102226625-C001,Paid,Receipt generated
1749102392119-C001,Paid,Receipt generated
1749102406400-C001,Paid,Receipt generated
1749102463108-C001,Paid,Receipt generated
1749102584755-C001,Paid,Receipt generated
1749102599197-C001,Paid,Receipt generated
